<?xml version="1.0" encoding="UTF-8"?>
<!DOCTYPE suite SYSTEM "http://testng.org/testng-1.0.dtd">
<suite name="Suite" parallel="none">  
      <test name="ChromeTest" >
       <parameter name="browser" value="chrome" />
    <classes>
      <class name="Script.ValidLogin"/> 
<!--    <class name="Script.InvalidLogin"/>  -->
        <class name="Script.NodeCreation"/> 
      </classes>
   </test>  
<!--   <test name="FirefoxTest" >     -->
<!--     <parameter name="browser" value="firefox" />     -->
<!--      <classes>    -->
<!--         <class name="Script.Login"/>      -->
       
<!--        </classes>     -->
<!--            </test>    -->
     
</suite>